,Precision,Recall,F1,Accuracy,AUROC
0,0.3,0.1875,0.23076923076923078,0.6491228070175439,0.5990853658536586
