,Precision,Recall,F1,Accuracy,AUROC
0,0.375,0.1875,0.25,0.6842105263157895,0.6371951219512195
