,Precision,Recall,F1,Accuracy,AUROC
0,0.4166666666666667,0.3125,0.35714285714285715,0.6842105263157895,0.6600609756097561
